<?xml version="1.0" encoding="UTF-8" standalone="yes"?>
<addon id="plugin.video.metatv" name="MetaTv" version="1.0.0" provider-name="MetaTv">
    <requires>
        <import addon="xbmc.python" version="2.24.0"/>
        <import addon="script.module.requests" version="2.9.1"/>
        <import addon="script.module.youtube.dl" version="14.810.0"/>        
    </requires>
    <extension point="xbmc.python.pluginsource" library="default.py">
        <provides>video</provides>
    </extension>
  <extension point="xbmc.addon.metadata">
        <platform>all</platform>
        <summary lang="en">MetaTV : Média alternatif et indépendant d'information libre présenté par Tepa.</summary>
        <language></language>
        <description lang="en">Meta TV, le premier média d'information alternative libre et indépendant de France. Si vous écoutez ce message, c'est que vous êtes le résistance !</description>
        <website>https://meta.tv/</website>
<assets><icon>icon.png</icon>
	<fanart>fanart.jpg</fanart>
	<screenshot>res\screenshot-01.jpg</screenshot>
	<screenshot>res\screenshot-02.jpg</screenshot>
	<screenshot>res\screenshot-03.jpg</screenshot>
</assets>
  </extension>
</addon>
